feature_set,mse,rmse,mae,r2
inca,572260.1311627582,756.478771124979,482.1581063923902,0.8817418093962838
station,373452.8210127147,611.107863648239,397.74038513011163,0.9228255604683102
combined,383205.92926632194,619.036290750649,395.95624639881623,0.9208100698338496
