feature_set,mse,rmse,mae,r2
inca,526281.3371282393,725.4525050809593,463.5259103568646,0.8912433781629479
station,404528.3807256292,636.0254560358644,399.11816707822214,0.9164037615983103
combined,423655.4504864969,650.8882012193008,409.8577681951792,0.9124511314249042
